Time,Temperature
0,-0.70710677
1,-0.5312924
2,-0.5299625
3,0.014880376
4,-0.11817149
5,-0.07233121
6,-0.40312263
7,0.27913132
8,1.2221098
9,0.70733917
10,0.20051871
11,-0.07102717
12,0.067044005
13,0.16968793
14,0.4589208
15,0.45375624
16,0.37387994
17,0.87648803
18,1.3349844
19,2.0199754
20,1.310364
21,0.8882729
22,-0.036705464
23,0.5741872
24,-0.26481745
25,-0.7111577
26,-1.0847939
27,-1.0157342
28,-0.78091794
29,-0.18122749
30,1.1391622
31,0.6792117
32,0.7252989
33,1.2853272
34,1.5993515
35,1.7268999
36,-0.15341797
37,-0.86927867
38,-0.38022104
39,0.14594711
40,0.83537817
41,-0.02161528
42,-0.28721708
43,-0.40861803
44,-0.76721895
45,-1.4058825
46,-1.5267217
47,-2.590717
48,-2.9410563
49,-2.8031545
50,-2.9422877
51,-2.5145173
52,-2.2077298
53,-2.0266798
54,-2.2011473
55,-2.3845527
56,-2.9215117
57,-2.7146647
58,-2.0763354
59,-2.0663605
60,-1.49796
61,-1.7202085
62,-1.2406424
63,-0.67475724
64,-0.72748417
65,0.13646047
66,-0.6678077
67,-1.593551
68,-0.9545342
69,-1.137261
70,-1.652745
71,-1.0345267
72,-1.8150024
73,-1.3259367
74,-1.7621351
75,-1.4117297
76,-1.6559938
77,-2.4502668
78,-2.1604006
79,-2.3056133
80,-1.7733567
81,-2.12755
82,-2.592105
83,-2.6182425
84,-2.6675284
85,-2.8518047
86,-3.2789392
87,-3.302885
88,-3.170529
89,-4.1669436
90,-4.6365476
91,-4.8563795
92,-5.0225334
93,-4.8674293
94,-4.038831
95,-3.6609268
96,-3.548338
97,-3.6649504
98,-3.8021128
99,-3.5150788
100,-3.3816414
101,-3.1902187
102,-2.852268
103,-2.161315
104,-2.4643936
105,-3.1143577
106,-2.629117
107,-3.1834
108,-2.485711
109,-2.7238634
110,-1.3427796
111,-2.2361283
112,-2.2671947
113,-1.0365441
114,-1.6092707
115,-2.5029624
116,-2.2226722
117,-2.725817
118,-2.1160524
119,-2.8095965
120,-2.663802
121,-1.9415324
122,-2.1115124
123,-2.5618455
124,-2.057805
125,-1.8110241
126,-1.7977722
127,-2.1136913
128,-1.9657332
129,-2.441434
130,-2.5782897
131,-2.2223663
132,-2.319606
133,-1.5450301
134,-2.2577758
135,-1.9061503
136,-1.8389127
137,-2.163965
138,-2.144054
139,-1.7528389
140,-0.82888216
141,-0.19426475
142,-0.29532865
143,-0.62672365
144,-0.34844935
145,0.35168204
146,0.616004
147,-0.11782127
148,1.061208
149,0.857752
150,0.75713676
151,0.6461892
152,0.25304708
153,0.34674343
154,0.76257247
155,1.4755474
156,0.6270077
157,1.1056635
158,1.9614418
159,2.3113937
160,1.5969177
161,0.99915266
162,1.0609999
163,0.85386246
164,-0.16559018
165,0.62242097
166,0.8759974
167,-0.018038824
168,0.6716085
169,1.3699661
170,-0.18014777
171,0.10541988
172,0.41300145
173,0.2718832
174,0.8108062
175,-0.16869214
176,-1.5386308
177,-1.2394143
178,-1.0584918
179,-1.4756346
180,-1.6658798
181,-1.2823334
182,-1.6325612
183,-1.9835565
184,-2.966085
185,-3.0071714
186,-3.513765
187,-3.2926576
188,-2.3368783
189,-2.953423
190,-2.8205752
191,-2.3232398
192,-2.603187
193,-2.2039702
194,-1.6047049
195,-2.0507917
196,-1.6579983
197,-0.7750723
198,-1.6815954
199,-1.6948054
200,-2.3268414
201,-2.3543756
202,-1.6064254
203,-1.712745
204,-0.9040942
205,-0.41149887
206,-0.38686234
207,-0.04001078
208,0.42483473
209,0.07477954
210,0.7897203
211,0.9773599
212,0.11439168
213,0.23638332
214,-0.42439252
215,-1.6438022
216,-1.9551289
217,-1.429762
218,-2.3322415
219,-2.543935
220,-1.9358481
221,-2.3060515
222,-2.7064788
223,-2.7304811
224,-2.4184186
225,-2.9497504
226,-2.360056
227,-2.8946962
228,-2.7775602
229,-2.5502253
230,-1.9145694
231,-1.5892403
232,-0.70969385
233,-1.1802591
234,-1.637169
235,-2.067395
236,-2.0071094
237,-1.8215033
238,-2.409781
239,-3.718563
240,-4.2716017
241,-3.803818
242,-3.4569647
243,-2.35786
244,-3.1122096
245,-2.5711336
246,-2.6598518
247,-2.833335
248,-3.1626723
249,-2.7839377
250,-2.2112844
251,-1.632395
252,-1.0136764
253,-1.1274871
254,-0.57142097
255,0.16375838
256,0.5761772
257,1.1141834
258,1.8333656
259,1.0315377
260,1.7676644
261,1.4935653
262,0.8953532
263,1.2497885
264,0.8737024
265,1.0878894
266,1.0095867
267,0.47288123
268,0.62285674
269,-0.083922416
270,-1.0079341
271,-0.83529747
272,0.009912719
273,0.45601895
274,0.6331132
275,0.4463225
276,0.3201831
277,-0.9183371
278,-1.090341
279,-1.3567659
280,-2.1728892
281,-2.3913877
282,-2.9410272
283,-3.2407022
284,-3.7171533
285,-2.9087036
286,-2.337746
287,-2.1501594
288,-1.8992726
289,-1.7703596
290,-1.6596171
291,-1.7435733
292,-0.9654588
293,-1.2933307
294,-1.7015605
295,-1.3475972
296,-1.648744
297,-1.8926499
298,-0.12726757
299,0.23525842
300,0.54560465
301,-0.13181883
302,0.2751175
303,0.21175323
304,-0.36935127
305,-0.07834792
306,0.26612794
307,-0.06600948
308,-0.13876031
309,-0.78232044
310,-2.14876
311,-3.0055761
312,-2.792146
313,-3.1943164
314,-3.32298
315,-2.9691393
316,-1.6148306
317,-1.2659956
318,-1.4132016
319,-1.2049102
320,-1.5774974
321,-1.1884707
322,-1.9033405
323,-2.3227048
324,-2.13497
325,-2.0535452
326,-1.65448
327,-0.999837
328,-0.9403397
329,-1.7810446
330,-2.5219083
331,-2.7488623
332,-2.4803126
333,-2.582653
334,-2.3914716
335,-2.537652
336,-2.740381
337,-3.0812964
338,-3.2990043
339,-3.2695172
340,-3.1543944
341,-3.3951054
342,-3.144735
343,-2.8412802
344,-2.4061117
345,-2.1741261
346,-1.4338582
347,-0.8159223
348,-1.6644831
349,-1.3882761
350,-2.155642
351,-1.9330157
352,-2.717005
353,-3.104425
354,-2.3627262
355,-2.601895
356,-2.3820624
357,-2.5670133
358,-2.2829869
359,-2.0098836
360,-2.1822379
361,-2.1497746
362,-2.8585396
363,-2.6162026
364,-2.0117357
365,-1.8588624
366,-1.6970649
367,-1.5078065
368,-1.5085603
369,-2.4084308
370,-2.9436443
371,-3.1922667
372,-3.978341
373,-3.5975182
374,-4.125802
375,-3.6831255
376,-3.9975517
377,-4.201612
378,-3.063395
379,-2.7610714
380,-2.5749903
381,-1.9359264
382,-1.3577892
383,-1.1854092
384,-0.60638016
385,-1.2567446
386,-1.8812201
387,-2.3618498
388,-3.509401
389,-2.9830546
390,-2.8552835
391,-3.1042264
392,-1.6653101
393,-2.1305132
394,-1.4633688
395,-1.5115008
396,-1.6290767
397,-2.4902244
398,-2.6068158
399,-3.0835721
400,-2.3832116
401,-1.7994393
402,-1.3513222
403,-2.0277715
404,-2.1019533
405,-2.39667
406,-2.6442146
407,-2.961424
408,-2.2016532
409,-1.7655017
410,-2.3479078
411,-3.224713
412,-4.21208
413,-4.0386634
414,-3.825664
415,-3.073456
416,-3.609862
417,-3.98817
418,-3.3060822
419,-2.5851095
420,-1.9509932
421,-2.4289696
422,-1.4728732
423,-1.6427661
424,-1.21945
425,-0.14131515
426,-0.30461195
427,-0.020627558
428,-1.3862942
429,-1.9705007
430,-1.626948
431,-2.0952103
432,-2.0878417
433,-0.83791524
434,-1.4603136
435,-0.7171696
436,-0.3709426
437,1.1078311
438,0.4893013
439,-0.3072136
440,0.1505
441,-0.10808608
442,-0.016867116
443,0.20577526
444,0.52881014
445,0.10164814
446,0.4675069
447,0.096026845
448,-0.14599068
449,-0.75424784
450,-0.85288924
451,1.1050003
452,0.7145518
453,0.6530532
454,1.3577762
455,1.9096186
456,0.9088004
457,1.2618301
458,0.8652826
459,1.0181534
460,0.36701593
461,0.70344317
462,0.5539793
463,-0.4974387
464,-0.6014803
465,-0.9381577
466,-1.2419804
467,0.45512968
468,0.6849896
469,1.4597327
470,1.5914578
471,0.9438806
472,0.6862662
473,-0.10046191
474,0.045256034
475,-0.31720218
476,0.25102
477,-0.33046862
478,-0.5655221
479,-0.92593384
480,-1.141178
481,-1.6493783
482,-2.4291997
483,-2.167957
484,-2.0175877
485,-1.8786628
486,-2.8612945
487,-3.0484016
488,-1.9970554
489,-1.5107569
490,-1.8830502
491,-3.2282596
492,-3.1909351
493,-2.6401927
494,-3.1898468
495,-3.5713153
496,-3.3041003
497,-4.1759663
498,-3.3164582
499,-2.8580787
500,-3.0175416
501,-3.6780417
502,-3.3543062
503,-3.7983248
504,-3.6375742
505,-3.4792361
506,-2.631338
507,-2.3132699
508,-1.8492378
509,-1.1704932
510,-1.212352
511,-0.58875287
512,0.2514041
513,-0.19984894
514,-0.58562994
515,-0.23527779
516,0.44673568
517,0.7052394
518,1.3156754
519,1.9261098
520,0.96042496
521,1.0115283
522,1.0493635
523,1.2157315
524,0.5569796
525,0.9743515
526,1.8633797
527,2.17319
528,0.5878636
529,-0.056511536
530,-0.23944978
531,-0.4384611
532,-0.6402629
533,0.5703816
534,0.412719
535,0.5030261
536,-0.14757718
537,0.6267947
538,0.9011149
539,-0.17460556
540,0.19428736
541,0.6015287
542,-0.28893268
543,-0.14100043
544,0.006197467
545,-0.5022337
546,-0.4539596
547,-0.78759795
548,-0.5081132
549,-1.6321529
550,-1.5354854
551,-2.100591
552,-1.7375938
553,-1.3373084
554,-1.6256294
555,-1.084802
556,-1.5645247
557,-2.0907686
558,-1.94941
559,-1.5515406
560,-2.9828496
561,-3.1419332
562,-3.136466
563,-2.4834976
564,-2.4704418
565,-2.3585274
566,-2.4390035
567,-2.4494066
568,-2.7416818
569,-2.3742108
570,-2.2022295
571,-1.5671102
572,-1.5412825
573,-1.6459745
574,-2.0893161
575,-1.9214455
576,-2.8750896
577,-2.8286748
578,-2.6911435
579,-2.3640673
580,-2.1456518
581,-1.388147
582,-1.7770493
583,-0.77687347
584,-1.5544813
585,-1.5256048
586,-0.25269687
587,-1.2311041
588,-1.1018322
589,-2.4316204
590,-2.7278464
591,-3.7157218
592,-3.0993726
593,-2.5485532
594,-2.43972
595,-1.4333531
596,-2.077972
597,-1.3863201
598,-1.6683936
599,-1.7958612
600,-1.8387488
601,-1.8974707
602,-2.0556238
603,-1.3869915
604,-1.9791416
605,-2.326479
606,-2.2639008
607,-2.2804482
608,-2.1888685
609,-1.7466649
610,-0.8375166
611,-1.4103369
612,-1.4777699
613,-1.0264344
614,-1.7086021
615,-2.8763847
616,-2.5783026
617,-1.2595496
618,-1.5503883
619,-1.1273531
620,-1.749005
621,-0.9690756
622,0.12072633
623,-0.01676221
624,-0.01622316
625,0.4471537
626,-0.15486728
627,0.7329747
628,0.74171895
629,1.1120386
630,1.2879821
631,1.3399585
632,0.82480377
633,0.7733906
634,0.28063065
635,-0.09945159
636,0.26926056
637,1.6044225
638,2.2509522
639,1.7782162
640,0.75147027
641,0.35757285
642,0.17935695
643,-0.2039935
644,-0.239382
645,-0.80706835
646,-0.5183471
647,0.168513
648,0.10907541
649,-0.54461694
650,-0.14168797
651,-0.2845331
652,0.012517592
653,0.676928
654,1.5663887
655,1.939168
656,0.8891944
657,0.059103496
658,-1.0187812
659,-0.4717757
660,0.61071676
661,0.6645153
662,-0.04216698
663,0.122533925
664,0.6019903
665,0.6036591
666,0.7077168
667,0.67941505
668,0.4754522
669,-0.024714014
670,-2.203582
671,-2.8399608
672,-3.0846221
673,-2.4971564
674,-1.9432448
675,-1.7926512
676,-2.394477
677,-2.0639524
678,-1.6410424
679,-1.9424927
680,-2.0985646
681,-1.6378695
682,-1.8376393
683,-1.3889297
684,-1.2992957
685,-1.1282505
686,-1.3051655
687,-0.5513905
688,-0.50840694
689,-1.2310493
690,-2.0782044
691,-1.9937267
692,-2.0808244
693,-1.8139663
694,-1.7376955
695,-1.7795042
696,-1.7989503
697,-1.8783973
698,-1.997153
699,-2.0246108
700,-2.6056838
701,-2.641859
702,-2.7376132
703,-2.4954407
704,-3.2461767
705,-3.326479
706,-3.9530396
707,-3.7934806
708,-3.4491065
709,-3.2658746
710,-3.007989
711,-3.3448455
712,-3.7440994
713,-3.872505
714,-4.403694
715,-3.77754
716,-3.3794842
717,-3.2395594
718,-3.10363
719,-2.7499855
720,-2.2842934
721,-1.9522706
722,-1.435343
723,-1.0234035
724,-1.5232631
725,-1.778167
726,-2.0872326
727,-2.731097
728,-3.143234
729,-2.4174647
730,-2.8325312
731,-2.541875
732,-2.4092653
733,-2.2967005
734,-2.1689956
735,-2.359525
736,-2.5756915
737,-2.5443554
738,-3.1770976
739,-3.475575
740,-3.4948113
741,-3.1101754
742,-3.756509
743,-3.4331682
744,-3.0000129
745,-3.1156635
746,-3.8518887
747,-3.177664
748,-2.1248589
749,-2.076391
750,-1.918095
751,-2.9678304
752,-2.9760234
753,-2.6056314
754,-2.8000188
755,-2.6297674
756,-2.6872635
757,-2.380715
758,-2.6884046
759,-2.8799105
760,-3.5318475
761,-3.2494698
762,-2.865239
763,-1.9466606
764,-2.7626822
765,-2.6773977
766,-1.4852229
767,-2.3899546
768,-2.1014407
769,-2.3768318
770,-2.3807068
771,-2.017729
772,-2.7792323
773,-2.9620285
774,-2.987576
775,-3.1320763
776,-2.8454216
777,-2.7255619
778,-3.5425625
779,-3.4571583
780,-2.0193381
781,-1.7671883
782,-1.7333758
783,-1.7112585
784,-2.0684044
785,-2.0909445
786,-2.363546
787,-2.0529578
788,-3.0839176
789,-2.50127
790,-2.6493556
791,-2.6608775
792,-2.8885295
793,-2.580141
794,-2.4700794
795,-2.57221
796,-1.5732543
797,-1.8465579
798,-1.0984558
799,0.10060716
800,-0.2424081
801,-0.6480581
802,-1.0365925
803,-1.261638
804,-0.581437
805,-0.39243683
806,0.08166454
807,0.314126
808,-0.17653903
809,-0.48898497
810,-0.5358485
811,-0.378825
812,0.086349756
813,0.79518825
814,1.0309986
815,1.7928287
816,1.1504903
817,0.5252708
818,0.18269293
819,0.4577975
820,0.49485967
821,0.36199823
822,1.1494348
823,0.58820415
824,1.1265235
825,0.88967377
826,0.8284286
827,0.84870595
828,1.1517298
829,0.86422706
830,0.83684844
831,-0.051380873
832,0.63018715
833,0.7059447
834,0.94940674
835,1.4411564
836,1.7215142
837,1.5112878
838,1.0086265
839,1.9613514
840,1.9194394
841,2.4240794
842,2.0454788
843,0.99853617
844,1.7402648
845,0.6782659
846,0.9681831
847,-0.3871367
848,0.3357526
849,0.32015404
850,0.115707025
851,0.5682141
852,0.07981337
853,-0.039370053
854,0.048624292
855,-0.5442651
856,-0.58669513
857,-0.5265555
858,-0.20540245
859,-0.29416502
860,-0.9111616
861,-1.3946867
862,-1.4048592
863,-1.9874163
864,-2.2683213
865,-2.2410944
866,-1.672012
867,-1.777674
868,-1.4293488
869,-1.1958706
870,-0.8839444
871,0.6710307
872,0.6248354
873,0.8810393
874,1.5412422
875,1.820359
876,2.660871
877,3.3499002
878,2.1949377
879,1.0594246
880,1.5338198
881,0.3282785
882,0.024788253
883,-0.042312235
884,0.0827152
885,0.5733867
886,-0.20741017
887,-0.6238589
888,0.086679
889,0.46949363
890,0.2503357
891,0.15055326
892,-0.56080294
893,-1.0133245
894,-1.4737236
895,-1.4915833
896,-1.2105299
897,-2.2481933
898,-2.0402238
899,-2.3938265
900,-2.0738218
901,-1.6963145
902,-1.2351842
903,-0.81938094
904,0.54718304
905,0.30105487
906,0.087619916
907,0.45428884
908,0.67592895
909,0.7012353
910,0.1333117
911,0.59500843
912,0.0043656635
913,0.47085416
914,0.2830935
915,0.8030997
916,0.19249268
917,-0.47696123
918,0.56852233
919,0.2397193
920,0.9985152
921,1.0551364
922,0.38309383
923,1.2929432
924,1.0165572
925,0.22244386
926,0.31623703
927,-0.36695942
928,-0.17951027
929,0.025777588
930,-0.014184775
931,-0.25275335
932,-0.9066829
933,-1.1175373
934,-0.42208946
935,-0.115871646
936,-0.8952999
937,-0.5083166
938,0.34345424
939,0.5689613
940,0.35935622
941,-0.6039415
942,-0.61386395
943,-0.47668043
944,-0.5463164
945,-0.59065247
946,-0.28250927
947,-0.33638364
948,-0.20075597
949,-0.18995397
950,0.020246672
951,-0.28110838
952,0.12235317
953,1.117053
954,0.9111406
955,0.32938728
956,0.40108424
957,0.15025629
958,0.111836836
959,0.38394114
960,0.56242657
961,0.74531317
962,0.38585687
963,0.67889535
964,0.90601313
965,2.183182
966,2.1161976
967,2.1308827
968,1.6349483
969,0.7604227
970,0.47411105
971,-0.79966044
972,-0.69134355
973,0.715299
974,0.83623034
975,0.5181179
976,0.1578159
977,0.38206413
978,0.60883653
979,1.3924949
980,0.7385686
981,1.0981863
982,1.0831623
983,2.1460521
984,1.2080638
985,0.77808386
986,0.8236869
987,0.7539025
988,0.23033758
989,0.9411563
990,0.69265246
991,2.1485746
992,1.8791865
993,1.896341
994,1.2594253
995,1.1807966
996,1.9200591
997,1.7275826
998,1.387282
999,2.2828677
1000,2.5487711
1001,0.7826739
1002,1.226356
1003,2.108943
1004,1.7187206
1005,1.9937477
1006,1.5755397
1007,1.7426631
1008,1.3959972
1009,0.6090883
1010,0.45104808
1011,0.29664078
1012,-0.10323785
1013,-0.5321542
1014,-0.99431896
1015,-1.4015023
1016,-1.9308733
1017,-1.912719
1018,-1.6270045
1019,-1.5319767
1020,-1.5004423
1021,-1.897064
1022,-2.1188672
1023,-0.36925444
1024,0.34040555
1025,0.052776918
1026,0.497868
1027,0.71794266
1028,0.31068838
1029,-0.82118857
1030,0.15001743
1031,-1.0866177
1032,-1.739123
1033,-1.8518579
1034,-1.9493583
1035,-2.2208235
1036,-2.5161078
1037,-2.0317385
1038,-1.277745
1039,-2.957766
1040,-2.4818902
1041,-2.5073693
1042,-3.0204234
1043,-3.635418
1044,-2.8124063
1045,-2.382918
1046,-2.3038116
1047,-2.4887526
1048,-3.1040947
1049,-3.9083002
1050,-4.071023
1051,-3.7451236
1052,-3.9743056
1053,-3.3864765
1054,-2.3646264
1055,-2.8726711
1056,-2.0938222
1057,-2.2529325
1058,-2.3847206
1059,-2.3430443
1060,-3.1305277
1061,-3.7585876
1062,-3.107764
1063,-2.1270409
1064,-2.311952
1065,-2.676192
1066,-2.9624522
1067,-3.4981868
1068,-4.4842305
1069,-4.4720316
1070,-3.4517696
1071,-3.4861155
1072,-3.0859149
1073,-3.6592393
1074,-4.2507052
1075,-3.7870784
1076,-3.5867314
1077,-3.2180371
1078,-2.640855
1079,-2.5785933
1080,-2.2797947
1081,-1.9937557
1082,-1.7494586
1083,-1.9417567
1084,-0.70939046
1085,0.10484855
1086,0.719258
1087,0.5912109
1088,0.881007
1089,0.8851209
1090,-0.13690107
1091,-0.40874553
1092,-0.027376987
1093,0.75214815
1094,1.4011923
1095,1.3548744
1096,1.4445214
1097,1.1729206
1098,1.504377
1099,1.1266752
1100,0.15551607
1101,0.07008625
1102,0.35818937
1103,-0.26214156
1104,-0.0717502
1105,0.36553594
1106,0.114730604
1107,0.1095951
1108,0.10546345
1109,1.3272715
1110,-0.04896967
1111,-0.7914504
1112,-1.0971001
1113,-1.8270148
1114,-2.4234571
1115,-2.207536
1116,-2.1138802
1117,-3.0234923
1118,-3.1396303
1119,-3.7317207
1120,-3.9399443
1121,-3.4959636
1122,-3.0006964
1123,-2.3004296
1124,-2.7717524
1125,-3.3442855
1126,-2.9816408
1127,-2.7429616
1128,-2.0373414
1129,-2.0703945
1130,-2.392085
1131,-3.181493
1132,-3.2503953
1133,-3.849947
1134,-3.2352343
1135,-2.5974987
1136,-2.0746844
1137,-2.1217446
1138,-1.8747587
1139,-1.2261091
1140,-1.4909055
1141,-1.9634221
1142,-2.0971582
1143,-2.3321972
1144,-3.1196127
1145,-3.9311807
1146,-4.1593137
1147,-3.2178822
1148,-3.3904243
1149,-2.7423646
1150,-2.9361565
1151,-3.4685156
1152,-3.2594907
1153,-3.406369
1154,-3.0375552
1155,-2.3545065
1156,-1.6940235
1157,-1.5797827
1158,-1.1569847
1159,-1.0560532
1160,-0.92248005
1161,-1.3309528
1162,-1.056355
1163,-2.0979555
1164,-1.8752276
1165,-1.5927505
1166,-2.216473
1167,-1.7661997
1168,-2.7510998
1169,-2.3445282
1170,-1.6099517
1171,-2.0559676
1172,-2.370702
1173,-2.6118772
1174,-3.0786345
1175,-2.8484035
1176,-3.1063583
1177,-2.7681422
1178,-1.6421963
1179,-2.0975246
1180,-2.7495787
1181,-2.508457
1182,-2.5237908
1183,-2.2515898
1184,-2.1347957
1185,-2.3003745
1186,-1.346758
1187,-0.57846576
1188,0.596624
1189,0.8372939
1190,1.2342384
1191,0.97152877
1192,0.48024395
1193,0.4981827
1194,1.0485258
1195,2.1882915
1196,2.1657064
1197,1.7169839
1198,0.91607434
1199,-0.25384113
1200,-0.4523812
1201,-0.04256562
1202,-0.10407387
1203,0.30683917
1204,0.8934988
1205,1.0165637
1206,0.6314331
1207,1.2366545
1208,0.1387813
1209,0.18230881
1210,-0.011413668
1211,0.33417258
1212,0.26044533
1213,0.89099234
1214,1.0119721
1215,-0.38615867
1216,-0.013876515
1217,0.38974157
1218,0.09260048
1219,1.2922493
1220,0.43484268
1221,0.88367647
1222,0.034441132
1223,0.07476824
1224,-0.40141833
1225,0.06717634
1226,1.238362
1227,0.9846209
1228,1.3429717
1229,0.6914323
1230,0.5717437
1231,1.1721475
1232,0.09950969
1233,0.23452409
1234,0.22197099
1235,-1.0974116
1236,-1.1967599
1237,-0.00065686693
1238,0.26070353
1239,0.21368027
1240,0.33119488
1241,0.7111432
1242,1.1917616
1243,0.5126677
1244,0.9046575
1245,0.6156134
1246,0.18992814
1247,0.5079873
1248,0.8644207
1249,0.82905483
1250,0.61389136
1251,0.52455425
1252,-0.32479405
1253,0.0025919613
1254,1.0493006
1255,0.6413684
1256,1.2390301
1257,1.2967167
1258,1.299599
1259,1.1077762
1260,1.9292488
1261,1.9421263
1262,2.0493877
1263,1.5350028
1264,2.3463562
1265,1.8596903
1266,0.49567145
1267,1.0512372
1268,0.39755782
1269,1.6764487
1270,1.2818346
1271,1.2608278
1272,1.8244971
1273,1.3428619
1274,0.23918994
1275,0.18138404
1276,1.5683932
1277,1.3019893
1278,1.6057491
1279,0.30396637
1280,0.37537766
1281,0.86094755
1282,0.8106157
1283,1.105173
1284,1.148176
1285,1.535148
1286,1.6894827
1287,0.22820234
1288,0.24395585
1289,0.68066746
1290,0.87180763
1291,0.92322403
1292,0.4303834
1293,1.0104244
1294,2.097079
1295,0.87535185
1296,0.2682228
1297,0.63679135
1298,1.3667722
1299,1.5435339
1300,0.4243215
1301,0.9997563
1302,1.0327256
1303,1.6944407
1304,1.4157661
1305,-0.010605092
1306,0.7421402
1307,0.09248428
1308,1.2047682
1309,1.4835315
1310,0.89891833
1311,0.7106445
1312,0.29542226
1313,0.7181347
1314,1.4045057
1315,1.9542485
1316,1.7393061
1317,0.37114918
1318,-0.2992747
1319,0.6049583
1320,0.25709158
1321,-0.06684872
1322,-0.68996525
1323,-1.1050131
1324,-1.6301388
1325,-1.7360759
1326,-1.5948002
1327,-1.8937901
1328,-1.4877794
1329,-2.4092379
1330,-2.6686406
1331,-2.5239265
1332,-2.3072329
1333,-2.4567783
1334,-1.8247731
1335,-1.9022769
1336,-2.1088688
1337,-1.5347672
1338,-1.3154268
1339,-2.2720656
1340,-2.722184
1341,-2.9812865
1342,-2.5554721
1343,-2.5893493
1344,-2.8174314
1345,-3.2902915
1346,-3.2934573
1347,-3.268904
1348,-2.4131765
1349,-2.9070735
1350,-2.9995482
1351,-3.3799531
1352,-2.3355808
1353,-2.6906004
1354,-2.8545742
1355,-2.96435
1356,-2.599198
1357,-3.2806776
1358,-3.326759
1359,-3.74133
1360,-3.2148988
1361,-2.694156
1362,-3.4166722
1363,-2.8919833
1364,-2.7910113
1365,-2.9124835
1366,-3.1757386
1367,-3.5285964
1368,-3.8136337
1369,-3.5272543
1370,-3.6502345
1371,-4.0969234
1372,-3.7909927
1373,-2.2867942
1374,-2.1352444
1375,-1.8783634
1376,-1.8273175
1377,-3.0958831
1378,-2.3071184
1379,-2.6058702
1380,-3.380062
1381,-3.0409162
1382,-3.1119483
1383,-2.8071587
1384,-3.380417
1385,-2.9839036
1386,-3.0952601
1387,-3.0361342
1388,-2.4620357
1389,-2.072161
1390,-2.2628558
1391,-2.4924605
1392,-1.555398
1393,-1.4807314
1394,-1.813353
1395,-2.8931446
1396,-2.881998
1397,-2.891496
1398,-2.5895784
1399,-2.1271803
1400,-2.61972
1401,-3.3127575
1402,-2.314992
1403,-2.7724237
1404,-3.9077222
1405,-3.8068328
1406,-3.3947036
1407,-2.79291
1408,-2.5841234
1409,-2.5536647
1410,-1.4483948
1411,-1.8538641
1412,-1.7549225
1413,-2.210806
1414,-1.8243381
1415,-1.5669456
1416,-2.0293565
1417,-3.332959
1418,-3.3232448
1419,-3.81911
1420,-3.8549116
1421,-3.805511
1422,-3.4752295
1423,-4.26719
1424,-3.8551989
1425,-3.7856426
1426,-3.3196747
1427,-3.3519354
1428,-3.0112596
1429,-2.6998312
1430,-2.3337965
1431,-2.1803148
1432,-2.2584682
1433,-2.705664
1434,-2.9527621
1435,-3.1296804
1436,-3.693319
1437,-3.4487708
1438,-2.8530886
1439,-3.0578446
1440,-2.836746
1441,-3.1840792
1442,-3.136709
1443,-2.965219
1444,-1.9624811
1445,-1.5595764
1446,-2.7493181
1447,-2.5274868
1448,-2.4117281
1449,-1.9699447
1450,-1.9179327
1451,-1.7001032
1452,-1.1403161
1453,-2.42069
1454,-2.337139
1455,-1.8816082
1456,-2.4149044
1457,-1.4842594
1458,-2.889427
1459,-2.9725196
1460,-2.7692897
1461,-2.5217144
1462,-1.7854402
1463,-1.6182296
1464,-2.0658247
1465,-1.8617141
1466,-2.015968
1467,-2.0065122
1468,-2.5162628
1469,-2.6305704
1470,-1.9090829
1471,-2.1767433
1472,-1.823356
1473,-2.861618
1474,-2.9458528
1475,-2.6375256
1476,-2.726172
1477,-2.083724
1478,-2.1414557
1479,-2.1958754
1480,-2.8562624
1481,-2.6515586
1482,-3.0981588
1483,-2.449833
1484,-2.0117543
1485,-1.9231256
1486,-1.2533876
1487,-1.6286184
1488,-2.5828178
1489,-2.7386718
1490,-2.4310322
1491,-1.9965155
1492,-2.1339889
1493,-1.4234387
1494,-2.0298946
1495,-1.9799292
1496,-2.005794
1497,-1.4671341
1498,-1.6050212
1499,-0.49194813
1500,-0.1218819
1501,-0.7601677
1502,1.1961224
1503,0.7516914
1504,0.3207754
1505,0.9887493
1506,0.9879149
1507,0.67972815
1508,1.0879089
1509,0.14182355
1510,-0.016871957
1511,-0.06447625
1512,-0.2086771
1513,-0.5981201
1514,-0.41653594
1515,0.38489658
1516,0.1338895
1517,0.2759632
1518,0.6582678
1519,1.0704898
1520,0.3409462
1521,-1.1413652
1522,-0.9849017
1523,-1.2812859
1524,-2.694707
1525,-3.001722
1526,-2.6743143
1527,-2.8483331
1528,-3.1165738
1529,-3.6177487
1530,-3.0356412
1531,-2.648949
1532,-2.3792503
1533,-1.7020794
1534,-1.4774389
1535,-2.7521272
1536,-2.1328807
1537,-1.9905343
1538,-1.7908694
1539,-2.6610599
1540,-3.1268737
1541,-3.8321187
1542,-3.0988085
1543,-2.188298
1544,-2.3457727
1545,-2.265145
1546,-1.9707758
1547,-2.461131
1548,-2.6898103
1549,-2.456174
1550,-1.5603011
1551,-1.704213
1552,-1.8950344
1553,-2.1198637
1554,-2.1185265
1555,-2.560339
1556,-2.7533844
1557,-2.9352188
1558,-3.2798827
1559,-3.4809725
1560,-3.5140362
1561,-3.1285217
1562,-2.8350852
1563,-2.6002917
1564,-3.3805656
1565,-3.5235512
1566,-2.7622094
1567,-2.9038343
1568,-1.7588217
1569,-1.3276072
1570,-0.8584363
1571,-1.5304918
1572,-2.366313
1573,-2.3906598
1574,-1.6382487
1575,-2.1017547
1576,-2.0202887
1577,-2.6664205
1578,-3.1857812
1579,-2.8297174
1580,-2.9424894
1581,-2.9028401
1582,-2.8179178
1583,-2.6726108
1584,-2.3529465
1585,-2.8528287
1586,-3.037544
1587,-2.2637966
1588,-3.4125478
1589,-3.4617436
1590,-2.8551488
1591,-3.0001194
1592,-2.4818144
1593,-2.5929089
1594,-3.0966926
1595,-3.0321033
1596,-3.3309898
1597,-2.905855
1598,-2.802204
1599,-2.6220272
1600,-2.0361276
1601,-2.2519586
1602,-2.273352
1603,-1.6753997
1604,-2.1440394
1605,-1.5112555
1606,-1.5506707
1607,-1.5734819
1608,-1.2696334
1609,-1.6809192
1610,-1.9781563
1611,-2.2231846
1612,-1.5974761
1613,-2.101535
1614,-1.6798621
1615,-1.4316633
1616,-1.0804654
1617,-2.2358313
1618,-1.979416
1619,-2.313516
1620,-1.6890211
1621,-2.1307197
1622,-1.7400517
1623,-1.8511325
1624,-1.8326507
1625,-0.97669494
1626,-1.876885
1627,-1.6157845
1628,-2.0278306
1629,-2.7329376
1630,-1.9862106
1631,-1.1152358
1632,-2.1559422
1633,-2.4581945
1634,-1.6306616
1635,-1.3235223
1636,-1.7542721
1637,-1.5707399
1638,-0.57824785
1639,0.9604992
1640,1.3485994
1641,0.26838744
1642,-0.49643484
1643,0.08684684
1644,0.25123143
1645,-0.045196317
1646,-0.49845546
1647,0.17911002
1648,0.42634213
1649,1.2588168
1650,1.2135189
1651,1.1966065
1652,1.6343898
1653,0.885681
1654,0.9909023
1655,0.62552935
1656,0.4205417
1657,0.48923674
1658,0.30472332
1659,-0.71923864
1660,-0.96559596
1661,-1.5394362
1662,-1.6347642
1663,-2.029412
1664,-1.9768806
1665,-2.0618875
1666,-2.3014736
1667,-2.8182802
1668,-2.7156944
1669,-2.1767578
1670,-2.810882
1671,-2.3689914
1672,-1.57813
1673,-1.4831538
1674,-0.79781085
1675,0.42023182
1676,0.40545797
1677,-0.003361803
1678,0.36153343
1679,0.015953636
1680,1.2509313
1681,1.0532563
1682,1.4797808
1683,1.3572
1684,0.8167971
1685,1.4389986
1686,0.8306768
1687,1.1864034
1688,1.8137225
1689,1.754072
1690,1.786457
1691,1.6440088
1692,0.97581536
1693,0.34036842
1694,0.4546681
1695,0.86889935
1696,1.1346077
1697,0.8012679
1698,1.1085687
1699,1.3054689
1700,0.6373691
1701,0.18222004
1702,0.32956806
1703,-0.3081206
1704,-0.33789912
1705,-1.7144517
1706,-1.595788
1707,-2.848727
1708,-2.6363533
1709,-2.6773112
1710,-1.7665201
1711,-2.901404
1712,-2.7703452
1713,-2.3610928
1714,-2.4189181
1715,-1.6382568
1716,-2.393619
1717,-2.7341673
1718,-3.1383624
1719,-2.8204267
1720,-1.8626148
1721,-2.9350855
1722,-2.3431556
1723,-3.6083443
1724,-2.5289223
1725,-2.4583268
1726,-1.5800748
1727,-0.8439481
1728,-1.3822336
1729,-1.1164123
1730,-1.1424336
1731,-1.8221077
1732,-1.6572874
1733,-2.8992233
1734,-2.710743
1735,-3.730733
1736,-2.427773
1737,-2.8403232
1738,-2.5850418
1739,-2.3209295
1740,-2.5377748
1741,-2.602585
1742,-2.5807157
1743,-1.9469019
1744,-0.4697438
1745,0.19051884
1746,-0.14204141
1747,0.27559683
1748,0.60647213
1749,0.5345073
1750,1.4961718
1751,0.919583
1752,0.9772534
1753,0.8925611
1754,0.7241869
1755,1.2164643
1756,1.4185566
1757,1.0686047
1758,2.1913679
1759,1.2515962
1760,1.542159
1761,0.77150553
1762,1.9626683
1763,1.9094557
1764,1.021909
1765,0.6087575
1766,-0.09053143
1767,0.20514907
1768,0.5167348
1769,0.49346682
1770,-0.38798726
1771,-0.33560088
1772,0.25867322
1773,-0.24182709
1774,0.6654901
1775,-0.16341461
1776,0.8620644
1777,1.2744397
1778,1.206613
1779,2.219718
1780,2.1200018
1781,1.7976576
1782,1.532009
1783,1.4813415
1784,0.6110073
1785,1.2705662
1786,0.49392197
1787,0.9105289
1788,0.762729
1789,-0.041579515
1790,-1.0576817
1791,-0.96510535
1792,-1.5968225
1793,-2.1000762
1794,-2.3660598
1795,-2.2832596
1796,-1.8293873
1797,-1.2378262
1798,-0.6202389
1799,-1.8121095
1800,-1.6623583
1801,-1.2948897
1802,-1.632997
1803,-2.3083627
1804,-2.3232641
1805,-1.8030981
1806,-0.9137632
1807,-1.6141222
1808,-1.2116774
1809,-0.9120331
1810,-1.5040994
1811,-0.74120414
1812,-0.06515894
1813,-0.11782611
1814,1.0587404
1815,0.8620789
1816,-0.16656822
1817,-0.0705446
1818,0.12054396
1819,-1.2678435
1820,-1.5209535
1821,-1.6764301
1822,-2.1831658
1823,-1.4435433
1824,-1.973501
1825,-2.4191926
1826,-2.201621
1827,-2.2893507
1828,-2.4178877
1829,-3.2162642
1830,-3.0829613
1831,-2.3816373
1832,-2.454773
1833,-2.6744053
1834,-3.0883374
1835,-2.5651703
1836,-1.9120945
1837,-2.7534063
1838,-3.4566855
1839,-4.093971
1840,-4.5219035
1841,-4.126625
1842,-4.509228
1843,-4.633499
1844,-4.3867946
1845,-4.6010213
1846,-3.968969
1847,-4.14917
1848,-3.5197697
1849,-3.3074145
1850,-2.7416334
1851,-2.3199015
1852,-1.9686769
1853,-1.6370964
1854,-0.8215888
1855,-0.51092947
1856,0.25134763
1857,0.5008893
1858,0.79736865
1859,0.4930198
1860,0.046379324
1861,0.07087546
1862,-0.00026952525
1863,0.55898404
1864,0.18072717
1865,0.3474245
1866,1.446542
1867,0.87501615
1868,0.08733102
1869,1.3292856
1870,1.4619389
1871,0.3090809
1872,-0.14475119
1873,-0.6131409
1874,-0.51415414
1875,-1.6807973
1876,-2.09068
1877,-1.4665272
1878,-1.7701232
1879,-1.9007889
1880,-2.0848238
1881,-2.257228
1882,-2.5723376
1883,-2.0544941
1884,-2.108341
1885,-1.4949242
1886,-0.93793815
1887,-1.2305361
1888,-1.6587883
1889,-1.3964539
1890,-1.2176441
1891,-1.916448
1892,-1.9874259
1893,-2.28751
1894,-3.179817
1895,-3.2776675
1896,-2.3287094
1897,-1.9506172
1898,-1.0461276
1899,-2.1767457
1900,-2.199548
1901,-1.8735354
1902,-2.4251227
1903,-3.0398543
1904,-2.9192765
1905,-2.878925
1906,-2.6624415
1907,-2.9513
1908,-2.8950627
1909,-2.2439075
1910,-2.7315116
1911,-1.6542184
1912,-1.5056438
1913,-0.35223076
1914,0.32128054
1915,0.7482844
1916,0.55909383
1917,0.8202073
1918,0.44713593
1919,0.2108914
1920,0.38589075
1921,1.2931902
1922,0.43183595
1923,0.4636609
1924,0.29706362
1925,1.4781475
1926,1.5212731
1927,0.81684065
1928,0.4478977
1929,0.36110088
1930,0.4963267
1931,0.33865607
1932,0.44418085
1933,0.22630276
1934,0.14736898
1935,-0.4537288
1936,0.24405754
1937,1.012127
1938,0.33400312
1939,-0.0974019
1940,0.43416968
1941,1.6875364
1942,1.5082229
1943,0.58543307
1944,0.3209594
1945,0.30762836
1946,1.325693
1947,1.7196906
1948,0.21132232
1949,-0.14845516
1950,-0.04677312
1951,0.7224035
1952,1.4223316
1953,1.3519031
1954,1.7000555
1955,0.995502
1956,1.0764434
1957,0.7393965
1958,-0.35814255
1959,-0.03388271
1960,0.05312391
1961,-0.019173414
1962,0.5281468
1963,0.9152626
1964,1.0474478
1965,1.3490561
1966,-0.2790619
1967,-1.9602983
1968,-2.5237837
1969,-2.8020167
1970,-3.1756063
1971,-3.454451
1972,-3.8901677
1973,-4.229995
1974,-3.859504
1975,-2.9203029
1976,-2.065067
1977,-2.4028215
1978,-2.167777
1979,-0.30615485
1980,0.61429644
1981,-0.12641703
1982,-0.2778757
1983,-0.15931363
1984,0.9379011
1985,1.3533218
1986,1.1431453
1987,0.995013
1988,0.9068459
1989,0.09729216
1990,0.54513335
1991,1.4769354
1992,0.68336433
1993,0.8812362
1994,0.37050682
1995,0.7454584
1996,-0.21410795
1997,-0.012535345
1998,-0.46007797
1999,0.33549923
2000,-0.49211597
2001,-0.5037104
2002,-0.02310009
2003,0.5489681
2004,1.726908
2005,0.7406893
2006,1.6802188
2007,1.3235611
2008,2.0642488
2009,1.1912613
2010,1.3780584
2011,0.5803686
2012,0.14036132
2013,-0.5354837
2014,-1.8913232
2015,-1.8513851
2016,-2.1739712
2017,-2.4991624
2018,-2.6525972
2019,-2.723075
2020,-3.2392108
2021,-2.1579015
2022,-2.6567216
2023,-2.1953275
2024,-2.9236615
2025,-3.597928
2026,-3.524623
2027,-3.8356977
2028,-3.9765747
2029,-4.109164
2030,-2.643155
2031,-3.4754627
2032,-3.9780169
2033,-3.6501644
2034,-3.1785073
2035,-3.5247302
2036,-2.8094006
2037,-2.415038
2038,-2.7853868
2039,-2.2686086
2040,-1.4574764
2041,-0.8053608
2042,-1.4873823
2043,-1.1665763
2044,-0.41803205
2045,0.32843345
2046,0.3029351
2047,0.6886709
2048,0.87662035
2049,0.5863481
2050,0.91750914
2051,1.9538305
2052,1.3702099
2053,0.6029877
2054,0.000114588576
2055,-0.5011184
2056,-1.758825
2057,-2.214994
2058,-2.6154504
2059,-2.3910053
2060,-2.4078789
2061,-1.7729015
2062,-1.4297185
2063,-1.2337655
2064,-1.8065115
2065,-2.0837522
2066,-1.7272445
2067,-1.7353666
2068,-1.2689539
2069,-2.0846577
2070,-1.4220104
2071,-1.7500589
2072,-2.195798
2073,-1.9877471
2074,-1.4867933
2075,-0.76529837
2076,-1.3040164
2077,-0.9715401
2078,-0.42382443
2079,-0.4399346
2080,-0.7229087
2081,0.15241088
2082,-0.040998504
2083,1.183721
2084,0.3528037
2085,-0.55559
2086,-0.21933869
2087,-0.42589024
2088,0.20677106
2089,1.7631583
2090,1.5347397
2091,2.0103872
2092,1.4618421
2093,0.09567501
2094,-0.14141522
2095,-1.2751627
2096,-1.3813912
2097,-2.302057
2098,-2.3823757
2099,-2.0171206
2100,-1.532719
2101,-0.53388435
2102,-1.3968993
2103,-2.1117334
2104,-2.0707414
2105,-1.8127558
2106,-1.6524351
2107,-2.0466053
2108,-1.3605715
2109,-1.7901108
2110,-1.6465846
2111,-1.6185846
2112,-1.8608911
2113,-2.0966594
2114,-2.0685942
2115,-1.8944986
2116,-1.9402493
2117,-2.3225846
2118,-2.5417652
2119,-2.841979
2120,-3.3491037
2121,-3.9665554
2122,-3.562638
2123,-3.534217
2124,-3.6526523
2125,-3.793751
2126,-2.881543
2127,-2.0648506
2128,-2.750205
2129,-2.9900615
2130,-3.6626842
2131,-3.540274
2132,-3.2376745
2133,-2.9461281
2134,-3.0734723
2135,-3.0318403
2136,-2.8976927
2137,-3.1475787
2138,-2.775893
2139,-3.1279407
2140,-2.958368
2141,-1.8575454
2142,-0.47559264
2143,-0.9186663
2144,-0.15588889
2145,1.1178164
2146,2.1653304
2147,2.0480368
2148,1.1023405
2149,0.33475682
2150,0.1742505
2151,1.1045952
2152,0.33763766
2153,0.8881438
2154,1.2211173
2155,1.2844169
2156,1.0152596
2157,0.95646924
2158,0.35223722
2159,0.6213122
2160,0.49593937
2161,0.3725533
2162,-0.29596293
2163,0.053967994
2164,-0.63616353
2165,-1.0031745
2166,-0.48290372
2167,-0.30579817
2168,0.32815427
2169,-0.37442222
2170,0.86299884
2171,0.77467525
2172,1.6042837
2173,1.224387
2174,1.4444407
2175,0.46692586
2176,0.68855953
2177,0.50751764
2178,-0.024270184
2179,0.07666944
2180,-0.2546142
2181,0.08122555
2182,0.8211208
2183,0.43364352
2184,1.128407
2185,0.9113068
2186,1.0765371
2187,1.1944875
2188,1.5340748
2189,1.161607
2190,1.4807637
2191,1.073921
2192,1.0522379
2193,0.9858685
2194,0.61630255
2195,0.29445714
2196,1.3649791
2197,1.7891102
2198,1.8769497
2199,0.99060535
2200,1.1056652
2201,0.7892038
2202,0.339137
2203,0.21857852
2204,0.34380287
2205,0.57680017
2206,0.33689365
2207,-0.06946166
2208,0.67187154
2209,0.54448134
2210,1.0961785
2211,0.74023575
2212,0.042541414
2213,-0.030543504
2214,0.45264587
2215,0.092330955
2216,0.7477131
2217,1.9188955
2218,2.8221505
2219,3.3934891
2220,2.5939867
2221,1.8631183
2222,1.6982592
2223,1.3899804
2224,1.196542
2225,1.3783699
2226,2.111059
2227,1.3521081
2228,0.77940893
2229,0.6480259
2230,-0.36056828
2231,-0.02708648
2232,-0.50386375
2233,-0.9317455
2234,-2.029906
2235,-3.2435734
2236,-2.824062
2237,-2.2055848
2238,-1.6770297
2239,-2.7349565
2240,-2.7639024
2241,-2.6571832
2242,-2.6879535
2243,-1.8174887
2244,-1.1964613
2245,-0.56216025
2246,-0.0738709
2247,-0.058259416
2248,0.19325283
2249,0.9902261
2250,1.101979
2251,0.99279386
2252,0.5954313
2253,0.79178447
2254,0.14013538
2255,0.12551484
2256,-0.3601035
2257,0.37916714
2258,-0.4465323
2259,0.24587965
2260,-0.28934583
2261,0.27557102
2262,0.47400132
2263,0.54849035
2264,0.45101902
2265,0.6157038
2266,1.0964787
2267,1.4827181
2268,0.8569838
2269,1.3132949
2270,-0.24442874
2271,0.25814548
2272,0.5492327
2273,1.2557487
2274,1.2585458
2275,0.27524662
2276,-0.6283505
2277,-1.5345912
2278,-1.4294537
2279,-0.7597029
2280,0.049194008
2281,1.3169068
2282,0.9586674
2283,0.6279422
2284,0.99787444
2285,0.11733225
2286,0.123258576
2287,-0.20832688
2288,-0.17668106
2289,-0.7641622
2290,-1.7606333
2291,-0.54256237
2292,0.43415514
2293,0.5858753
2294,1.0846002
2295,0.22816361
2296,0.006613859
2297,-0.26539198
2298,0.2648029
2299,-0.7995426
2300,-0.07026701
2301,0.45225045
2302,-0.2868572
2303,0.45561063
2304,1.236485
2305,0.6617329
2306,0.5099579
2307,0.786415
2308,0.032054137
2309,0.21350273
2310,0.14364405
2311,0.5684723
2312,0.91334844
2313,0.24562465
2314,-1.063758
2315,0.008989555
2316,-0.69690514
2317,-1.2030752
2318,-1.4087149
2319,-1.7894773
2320,-1.7555729
2321,-2.440389
2322,-3.5417666
2323,-4.5499945
2324,-4.1679063
2325,-3.5209374
2326,-3.3646402
2327,-3.3363755
2328,-2.4978
2329,-2.4761236
2330,-1.3209997
2331,-1.5669504
2332,-0.65310645
2333,-0.82133865
2334,-0.92228633
2335,-1.0198593
2336,-1.4211808
2337,-1.4404317
2338,-2.4609551
2339,-2.3906753
2340,-3.2507505
2341,-2.4357789
2342,-1.6603135
2343,-2.2916691
2344,-2.3399262
2345,-2.5851207
2346,-2.3367476
2347,-1.5793614
2348,-2.4513693
2349,-3.0487082
2350,-2.7137465
2351,-2.9002733
2352,-1.9263518
2353,-2.2365916
2354,-2.11227
2355,-3.3521235
2356,-3.446922
2357,-3.4312525
2358,-3.0955443
2359,-3.598977
2360,-3.0939376
2361,-3.9517574
2362,-3.257771
2363,-2.7781742
2364,-3.275119
2365,-3.0070593
2366,-2.7002008
2367,-1.9661819
2368,-2.5235794
2369,-2.2802014
2370,-2.9888542
2371,-2.9474022
2372,-3.0341208
2373,-3.0150127
2374,-2.8264048
2375,-3.0824869
2376,-3.1316154
2377,-2.960434
2378,-3.2841966
2379,-3.2662587
2380,-3.288613
2381,-2.8675308
2382,-2.9748616
2383,-3.1817634
2384,-3.9789908
2385,-3.8463173
2386,-3.5434492
2387,-3.6513247
2388,-3.7698278
2389,-3.5421896
2390,-2.3749483
2391,-2.864783
2392,-2.8364255
2393,-3.3677762
2394,-3.3806722
2395,-2.8507428
2396,-2.926815
2397,-2.80261
2398,-2.298191
2399,-1.7747446
2400,-0.8080464
2401,-1.5523976
2402,-1.7382313
2403,-2.3885489
2404,-0.9933668
2405,-0.42552227
2406,0.015932655
2407,-0.5938787
2408,-0.31607565
2409,-0.8023218
2410,-0.9327478
2411,-0.899154
2412,-1.5197803
2413,-1.7733438
2414,-1.654283
2415,-0.4903342
2416,-1.2330264
2417,-1.8713744
2418,-2.74179
2419,-3.6397173
2420,-3.6775527
2421,-3.6003876
2422,-3.003399
2423,-3.2673666
2424,-3.1679707
2425,-2.6129198
2426,-2.2300212
2427,-2.6113026
2428,-2.088677
2429,-2.1064253
2430,-3.1753109
2431,-2.969722
2432,-3.876376
2433,-3.226637
2434,-3.1514773
2435,-3.1351185
2436,-2.0051823
2437,-1.6734371
2438,-1.8563544
2439,-2.3098767
2440,-2.7171783
2441,-3.422008
2442,-2.3831294
2443,-2.0056028
2444,-1.9863833
2445,-2.0916064
2446,-3.1252704
2447,-2.9984224
2448,-3.2959404
2449,-2.9711592
2450,-2.4095445
2451,-2.3366144
2452,-1.7937527
2453,-2.417401
2454,-2.5353918
2455,-2.6360795
2456,-2.5055382
2457,-3.0665953
2458,-2.5482225
2459,-2.6436312
2460,-2.9426491
2461,-3.0008118
2462,-3.5037355
2463,-3.8980436
2464,-3.7978263
2465,-4.062909
2466,-4.384073
2467,-3.8529973
2468,-4.0270057
2469,-3.9721081
2470,-3.2828295
2471,-3.3088775
2472,-2.1737404
2473,-1.9927688
2474,-1.9982473
2475,-1.7300737
2476,-1.0610983
2477,-0.34998742
2478,0.24116378
2479,-0.039847776
2480,0.8842752
2481,1.8024331
2482,1.3462415
2483,0.922125
2484,0.30288345
2485,2.003323
2486,0.24220958
2487,-0.17991053
2488,-0.38999012
2489,-1.229508
2490,-0.008100282
2491,0.0192299
2492,1.1452047
2493,1.0392151
2494,0.86841035
2495,0.5823424
2496,0.80726844
2497,-0.35916096
2498,-0.5005891
2499,-0.2792459
2500,0.9571681
2501,0.9188777
2502,1.1247176
2503,0.15432176
2504,-0.10000839
2505,-0.6565538
2506,-0.8810877
2507,-1.4455543
2508,-1.7033843
2509,-1.825772
2510,-2.2685819
2511,-2.6784194
2512,-2.7502446
2513,-2.5228612
2514,-2.5086305
2515,-3.383587
2516,-3.4388452
2517,-2.7673037
2518,-3.1292608
2519,-2.5242023
2520,-2.360637
2521,-2.5270638
2522,-3.1986787
2523,-2.3730376
2524,-2.047367
2525,-2.4442003
2526,-2.1210272
2527,-1.1699026
2528,-1.8248739
2529,-3.2546723
2530,-2.9114666
2531,-2.63242
2532,-3.3771634
2533,-3.6144257
2534,-3.4701295
2535,-2.3202598
2536,-1.203377
2537,-2.010451
2538,-1.9727908
2539,-2.4195168
2540,-2.9376252
2541,-3.006613
2542,-2.8343098
2543,-2.9153044
2544,-2.468409
2545,-2.8672144
2546,-2.362852
2547,-2.5866597
2548,-2.5857365
2549,-1.9071769
2550,-2.371258
2551,-2.3088534
2552,-2.3785474
2553,-2.5708294
2554,-2.1588602
2555,-2.5905693
2556,-1.7749424
2557,0.5314215
2558,0.47171438
2559,0.5844243
2560,0.56624347
2561,0.40263522
2562,1.5360631
2563,-0.73688203
2564,-2.00724
2565,-1.7949398
2566,-1.5293282
2567,-1.5615115
2568,-1.3938781
2569,-1.8014567
2570,-1.986728
2571,-1.6884264
2572,-1.584037
2573,-1.4314002
2574,-2.1868076
2575,-2.6699293
2576,-2.4140618
2577,-1.9785227
2578,-2.3256156
2579,-2.347155
2580,-2.1587899
2581,-1.9684478
2582,-1.8404313
2583,-2.168647
2584,-2.3697088
2585,-2.9411805
2586,-3.4498458
2587,-2.5777225
2588,-2.865423
2589,-2.642306
2590,-2.7600265
2591,-3.0030036
2592,-2.8956978
2593,-2.1655273
2594,-2.5451567
2595,-3.0875618
2596,-3.134911
2597,-2.3067658
2598,-1.7619737
2599,-2.5146883
2600,-1.9817061
2601,-1.7519763
2602,-2.5138338
2603,-2.748704
2604,-3.2607327
2605,-3.037121
2606,-2.1935513
2607,-1.5913868
2608,-1.6095338
2609,-1.6717724
2610,-1.8754987
2611,-2.869218
2612,-3.3682635
2613,-2.7519045
2614,-2.6565788
2615,-2.0455482
2616,-1.6162767
2617,-1.2641654
2618,-1.5659918
2619,-0.9976066
2620,-1.4470052
2621,-3.0131688
2622,-2.9519334
2623,-2.3398697
2624,-1.7450533
2625,-2.10394
2626,-2.783594
2627,-2.7973516
2628,-2.8782134
2629,-3.3600535
2630,-3.7455392
2631,-2.6619782
2632,-2.6195836
2633,-2.3570716
2634,-2.6770022
2635,-2.5619004
2636,-1.9883322
2637,-1.9636674
2638,-1.6313766
2639,-2.068992
2640,-1.3640609
2641,-1.02453
2642,-1.3336658
2643,-1.7389365
2644,-2.0893154
2645,-1.2491237
2646,-1.9216989
2647,-1.7627815
2648,-2.2632883
2649,-2.3018682
2650,-2.491865
2651,-2.7811213
2652,-3.0850053
2653,-3.2123592
2654,-3.103911
2655,-2.4121864
2656,-2.8859093
2657,-2.7765546
2658,-3.840153
2659,-2.9797242
2660,-2.8546193
2661,-2.1887887
2662,-2.9308152
2663,-3.6267188
2664,-3.3662984
2665,-2.935222
2666,-2.2157476
2667,-2.2894137
2668,-2.448862
2669,-1.5900714
2670,-1.6973087
2671,-1.1638359
2672,-1.0148642
2673,-1.8517958
2674,-1.4930149
2675,-2.3344655
2676,-1.6697009
2677,-2.022909
2678,-0.8111903
2679,-0.8780471
2680,-1.3134885
2681,-1.3457589
2682,-1.7929465
2683,-1.8314176
2684,-1.7539049
2685,-2.013159
2686,-1.0516843
2687,-1.8017673
2688,-1.8407105
2689,-1.4245813
2690,-1.5942096
2691,-0.6081829
2692,0.09806362
2693,-0.04798195
2694,0.2797995
2695,0.98340404
2696,1.2595721
2697,1.2272985
2698,1.405303
2699,1.2658858
2700,1.2916731
2701,0.6092594
2702,1.0123514
2703,0.46720183
2704,0.6931302
2705,0.6703351
2706,1.3860086
2707,1.2638798
2708,0.61151403
2709,0.67216694
2710,0.8447196
2711,0.29603234
2712,-0.39870209
2713,0.03323553
2714,0.4061681
2715,-0.07716653
2716,-0.21250372
2717,-0.14357464
2718,-0.93918735
2719,-1.3916283
2720,-1.1270174
2721,-1.4415582
2722,-1.4838462
2723,-1.8928306
2724,-2.2730532
2725,-0.6667264
2726,-1.0546635
2727,-1.6835192
2728,-2.1744926
2729,-2.6981752
2730,-3.2253554
2731,-2.1389298
2732,-2.6976492
2733,-2.8241138
2734,-3.178663
2735,-3.3891912
2736,-3.4665265
2737,-2.6763291
2738,-2.2921686
2739,-1.8040535
2740,-1.3128704
2741,-1.4143103
2742,-1.3839831
2743,-2.5085506
2744,-3.0030825
2745,-3.3955727
2746,-3.0024943
2747,-3.2988002
2748,-3.464305
2749,-2.9228013
2750,-3.5109706
2751,-3.2608504
2752,-2.8574662
2753,-2.4484303
2754,-2.3855672
2755,-2.1353936
2756,-2.1649768
2757,-2.56028
2758,-3.015325
2759,-3.3797975
2760,-3.261003
2761,-2.3670006
2762,-2.825305
2763,-2.7246
2764,-3.2998185
2765,-3.9139924
2766,-3.461608
2767,-3.577842
2768,-3.757124
2769,-4.268527
2770,-2.7430182
2771,-1.8664801
2772,-1.3767157
2773,-1.5796245
2774,-2.1046023
2775,-2.102003
2776,-2.2744179
2777,-1.96833
2778,-2.1826534
2779,-1.6663374
2780,-2.0389142
2781,-2.322256
2782,-3.073561
2783,-2.7994845
2784,-2.708501
2785,-3.4560697
2786,-3.483693
2787,-3.219697
2788,-3.5442603
2789,-3.2714427
2790,-2.820669
2791,-2.5756567
2792,-3.2747042
2793,-3.2561297
2794,-3.5109448
2795,-3.4792361
2796,-2.5606706
2797,-2.4335015
2798,-2.7478204
2799,-2.4444802
2800,-1.3247311
2801,-1.3753098
2802,-1.3587397
2803,-1.8216364
2804,-1.2900333
2805,0.081804946
2806,0.89619565
2807,0.843033
2808,0.8634346
2809,0.519451
2810,-0.6771459
2811,-0.1725123
2812,-0.0394798
2813,1.0402561
2814,0.768197
2815,0.3510623
2816,0.34149334
2817,-0.28774807
2818,0.20323333
2819,1.0571474
2820,1.4289002
2821,0.8626293
2822,0.14222057
2823,0.1610712
2824,0.9192457
2825,0.77993345
2826,0.7813989
2827,1.6761582
2828,1.2183138
2829,1.0147448
2830,0.89060986
2831,0.3960504
2832,0.21711469
2833,0.11305212
2834,-0.6719652
2835,-1.5754913
2836,-1.9099044
2837,-1.5548314
2838,-1.5334647
2839,-1.6328582
2840,-2.3399367
2841,-2.222389
2842,-2.3471196
2843,-2.3120337
2844,-2.3593981
2845,-2.3335738
2846,-1.4291923
2847,-1.3164598
2848,-0.8748128
2849,-0.58371747
2850,-0.89791125
2851,0.8504264
2852,-0.5098869
2853,0.16662471
2854,0.5610063
2855,1.1957803
2856,1.1068256
2857,0.965667
2858,0.39355528
2859,0.794186
2860,0.8613301
2861,0.66527224
2862,-0.115800634
2863,0.5479529
2864,-0.12821816
2865,0.04187002
2866,-0.08532814
2867,0.15048386
2868,-0.114441715
2869,-0.21638681
2870,0.13187854
2871,0.37448192
2872,1.5496927
2873,1.1535132
2874,1.4674149
2875,0.98337495
2876,0.5657464
2877,0.73204833
2878,0.93634844
2879,0.22468884
2880,0.8166034
2881,0.9302043
2882,0.100306965
2883,-0.10695149
2884,0.44395974
2885,0.32461008
2886,0.3386722
2887,0.06657919
2888,-0.2548321
2889,0.14304851
2890,-0.6202179
2891,-1.8451529
2892,-2.3363466
2893,-2.5767736
2894,-1.7815175
2895,-1.2428858
2896,-1.514293
2897,-1.1627464
2898,-2.2230709
2899,-2.1225226
2900,-1.6322901
2901,-1.1731192
2902,-1.880869
2903,-1.8992226
2904,-1.7069277
2905,-1.8705617
2906,-1.9288236
2907,-2.2345507
2908,-1.9943125
2909,-1.9992818
2910,-1.916749
2911,-2.439523
2912,-2.05628
2913,-2.8713236
2914,-2.438294
2915,-2.6103253
2916,-2.6673317
2917,-2.6977413
2918,-2.8336287
2919,-3.1730547
2920,-2.7305086
2921,-2.6440942
2922,-2.9154513
2923,-1.7637522
2924,-1.9745065
2925,-2.0941975
2926,-1.5317943
2927,-0.99416727
2928,-2.147867
2929,-1.9884524
2930,-2.594363
2931,-1.8291049
2932,-1.3614107
2933,-1.5737321
2934,-2.7135317
2935,-2.740523
2936,-2.711972
2937,-2.6602433
2938,-2.198783
2939,-1.4027917
2940,-1.0097674
2941,0.13066487
2942,-0.08952273
2943,0.72776014
2944,0.8390515
2945,0.8849853
2946,0.5855138
2947,0.79511726
2948,0.6096209
2949,1.3574938
2950,1.7476195
2951,0.9335854
2952,0.67395514
2953,0.2542753
2954,1.2763327
2955,1.416189
2956,1.0487744
2957,1.8791606
2958,1.055072
2959,1.0959833
2960,0.955028
2961,0.68183595
2962,1.1781433
2963,0.64195585
2964,1.0433613
2965,0.91811115
2966,0.56987965
2967,0.43148088
2968,-0.33154994
2969,-0.11739197
2970,0.8993993
2971,-0.63564867
2972,-0.6584631
2973,0.1938161
2974,0.6888694
2975,0.17689733
2976,0.25990465
2977,0.95949376
2978,0.92580146
2979,0.7530503
2980,0.16100018
2981,0.016098889
2982,-0.33639657
2983,0.17332572
2984,1.1344349
2985,1.3144956
2986,1.7888939
2987,1.9553314
2988,2.530311
2989,1.2398145
2990,0.19010407
2991,-0.6474626
2992,0.27355036
2993,0.5609579
2994,0.99169797
2995,0.8758844
2996,0.92523015
2997,0.9742224
2998,1.5403739
2999,1.4684429
3000,1.8289692
3001,1.6815841
3002,0.87550354
3003,0.91919243
3004,0.68632585
3005,-0.3015439
3006,-0.890158
3007,0.5933138
3008,0.6277372
3009,0.49593776
3010,0.36097825
3011,0.10186279
3012,0.53577584
3013,1.44446
3014,1.0679526
3015,1.3218551
3016,1.0611097
3017,1.4299606
3018,1.0104082
3019,0.743115
3020,-1.1258311
3021,-2.0185835
3022,-1.6419785
3023,-2.2876608
3024,-2.290771
3025,-1.3664317
3026,-1.0823488
3027,-2.141633
3028,-2.034998
3029,-2.950133
3030,-3.9297395
3031,-3.149935
3032,-3.3263717
3033,-3.5047386
3034,-2.713611
3035,-2.1072638
3036,-2.7685375
3037,-2.515092
3038,-2.7088902
3039,-1.7577145
3040,-2.8732433
3041,-3.3329217
3042,-3.0983784
3043,-3.0717413
3044,-2.5149424
3045,-1.4559947
3046,-1.5939837
3047,-0.55945855
3048,-1.10251
3049,-1.4983909
3050,-2.9535997
3051,-2.866176
3052,-1.6833643
3053,-1.88915
3054,-1.8953645
3055,-2.418192
3056,-3.0699532
3057,-2.896061
3058,-2.6310475
3059,-2.367158
3060,-2.2404892
3061,-2.5797036
3062,-1.0382307
3063,-1.7519497
3064,-1.6732725
3065,-1.4604186
3066,-1.5497266
3067,-2.404304
3068,-2.4725277
3069,-2.3955066
3070,-2.1005409
3071,-2.1914372
3072,-2.3918107
3073,-2.1470494
3074,-2.174387
3075,-1.66794
3076,-1.8518015
3077,-2.4669056
3078,-2.7586684
3079,-3.536399
3080,-3.2549918
3081,-3.033551
3082,-3.7923179
3083,-2.8558912
3084,-2.2887204
3085,-2.241455
3086,-1.9894949
3087,-1.3039114
3088,-1.0612581
3089,-1.6927623
3090,-1.530516
3091,-1.3474374
3092,-1.498399
3093,-1.9058437
3094,-3.0924358
3095,-2.0961914
3096,-2.2958815
3097,-2.0628123
3098,-2.5979693
3099,-2.7822769
3100,-2.3695111
3101,-1.7009383
3102,-1.7216433
3103,-1.458293
3104,-1.5669746
3105,-1.5665534
3106,-1.9184412
3107,-2.195376
3108,-1.6069192
3109,-2.3029351
3110,-1.8372697
3111,-1.7959533
3112,-2.002053
3113,-1.7693106
3114,-2.5093906
3115,-2.5454836
3116,-2.8856308
3117,-3.1524682
3118,-2.1901913
3119,-2.1568806
3120,-2.275278
3121,-2.942737
3122,-3.2179823
3123,-3.1661582
3124,-3.1059783
3125,-3.1067078
3126,-3.8451827
3127,-4.0239167
3128,-3.959815
3129,-4.262726
3130,-3.9319851
3131,-2.853442
3132,-2.186656
3133,-2.5685675
3134,-2.3597507
3135,-1.6129246
3136,-2.0274544
3137,-1.9973879
3138,-1.0922245
3139,-1.3808134
3140,-1.7138247
3141,-1.9951841
3142,-1.5268605
3143,-1.808458
3144,-1.3549228
3145,-1.1099566
3146,-0.3297714
3147,-0.048403185
3148,0.9689158
3149,-0.100536145
3150,-0.31376773
3151,0.069169536
3152,0.8267308
3153,2.2194808
3154,1.8375392
3155,0.89011115
3156,0.47337994
3157,1.0963254
3158,1.2656906
3159,0.54976374
3160,-0.21721314
3161,-0.6297756
3162,-1.9867109
3163,-1.6415572
3164,-1.7429237
3165,-2.367802
3166,-2.271399
3167,-2.6641667
3168,-3.063725
3169,-3.0938199
3170,-2.812316
3171,-2.581336
3172,-3.1406767
3173,-2.0268815
3174,-2.1562407
3175,-1.4913945
3176,-0.98069906
3177,-2.0282784
3178,-2.2117033
3179,-2.0487018
3180,-2.4805465
3181,-1.7023916
3182,-2.257553
3183,-2.9839544
3184,-3.4439476
3185,-2.5552948
3186,-2.4576426
3187,-2.424178
3188,-2.4836767
3189,-2.521304
3190,-2.583548
3191,-3.1316671
3192,-2.1594267
3193,-2.0580642
3194,-2.1280923
3195,-1.7284533
3196,-0.18450698
3197,0.88564223
3198,0.95218426
3199,0.055735238
